18,217,53,250,74,42,22,1,249,13,134,144,201,90,86,52,117,222,162,7,156,109,253,56,202,60,122,118,173,12,135,61,226,113,70,228,21,232,4,81,176,44,59,141,15,180,33,188,98,83,66,151,213,26,198,Label
1.4884,0.25955,0.98831,0.42768,0.24362,1.3827,0.45824,1.0027,0.48779,0.3197,0.21417,0.17837,0.27552,0.32918,0.47517,0.95277,0.70886,0.26464,0.26899,0.32402,0.15625,0.76173,0.48455,0.71472,0.24053,1.9008,0.96638,0.63438,0.30056,0.46997,0.18763,0.80812,0.30399,0.53389,0.17758,0.3051,0.51057,0.36755,0.67514,0.40663,0.28293,1.8987,1.5229,0.20341,0.35414,0.19767,1.0577,0.20827,1.1688,0.46329,0.15186,0.16287,0.27886,0.40175,0.16162,S1
1.432,0.32704,0.99234,0.39637,0.28383,1.4808,0.43747,1.0925,0.44122,0.32479,0.21203,0.16583,0.32729,0.31784,0.54305,0.98741,0.61799,0.25287,0.29857,0.35489,0.15923,0.80458,0.46083,0.69878,0.25124,2.047,1.0058,0.56255,0.24342,0.63346,0.19862,0.84048,0.27641,0.40387,0.17538,0.3142,0.48872,0.34489,0.67219,0.43136,0.2545,2.4003,1.654,0.19882,0.38536,0.17467,1.0164,0.20998,0.98005,0.45546,0.1366,0.19844,0.31157,0.44983,0.17353,S1
1.1836,0.28671,0.89096,0.42194,0.22177,1.4984,0.47542,1.2878,0.46486,0.26833,0.17951,0.16723,0.2499,0.31944,0.50753,0.90106,0.6222,0.26035,0.29492,0.29935,0.15746,0.83813,0.46805,0.65885,0.22633,1.8843,0.9223,0.50298,0.26088,0.53961,0.19752,0.75887,0.30675,0.49142,0.18438,0.3091,0.56711,0.36339,0.61725,0.43048,0.24833,2.0199,1.652,0.19414,0.31439,0.17055,1.3822,0.18518,1.093,0.48762,0.15887,0.17192,0.27871,0.44806,0.18528,S1
1.3761,0.23479,1.0212,0.45709,0.27178,1.7859,0.43339,0.96744,0.49695,0.33319,0.1928,0.16929,0.24858,0.31645,0.54669,0.87265,0.70179,0.23003,0.30083,0.29993,0.16178,0.95721,0.49225,0.66262,0.21182,1.7444,1.0002,0.55951,0.29336,0.55157,0.17503,0.85485,0.274,0.4832,0.181,0.31973,0.5503,0.39587,0.64995,0.40355,0.21004,2.3114,1.4746,0.18389,0.32507,0.19901,0.86323,0.23644,1.0778,0.3829,0.14356,0.17366,0.27432,0.41656,0.16483,S1
1.0731,0.23067,1.0928,0.44066,0.26427,1.2435,0.45311,1.4454,0.4129,0.31673,0.17612,0.16498,0.26106,0.28811,0.47878,0.75753,0.62432,0.25736,0.31732,0.20781,0.15067,0.83831,0.43726,0.65037,0.22455,1.9509,0.88529,0.56556,0.26198,0.4285,0.17976,0.84547,0.31098,0.43718,0.19742,0.31031,0.3979,0.38751,0.72837,0.44962,0.23192,1.4723,1.257,0.17601,0.38119,0.2042,1.1476,0.22941,0.9572,0.3473,0.1746,0.18295,0.27231,0.36309,0.18101,S1
1.2438,0.25055,1.0891,0.39481,0.2651,1.2045,0.44902,1.7273,0.40184,0.22068,0.19912,0.17028,0.25665,0.32877,0.49034,0.79558,0.73016,0.26817,0.28761,0.22751,0.1509,0.86382,0.57085,0.56217,0.22636,1.949,0.84216,0.61577,0.27109,0.5957,0.17413,0.96265,0.26378,0.42797,0.24336,0.28028,0.32569,0.33861,0.73654,0.44328,0.27676,1.4873,1.2309,0.16328,0.42046,0.175,1.4179,0.20374,1.1457,0.44118,0.15484,0.18602,0.28389,0.38452,0.19702,S1
1.1815,0.19354,0.99599,0.41497,0.25491,1.2554,0.48118,2.3605,0.42042,0.2611,0.18463,0.20126,0.24373,0.31784,0.4772,0.7142,0.7272,0.27281,0.29331,0.2383,0.16619,0.90351,0.5205,0.58999,0.22235,1.7661,0.9552,0.59892,0.23539,0.4817,0.16365,0.83174,0.29306,0.60881,0.18321,0.34778,0.35381,0.36362,0.74653,0.43785,0.23769,1.4344,1.4132,0.19733,0.49755,0.18002,1.2615,0.19319,1.0176,0.37427,0.17244,0.17257,0.30327,0.45815,0.17075,S1
1.0334,0.23463,1.1915,0.45993,0.25046,1.3126,0.44749,0.8288,0.44987,0.28666,0.18911,0.16406,0.23684,0.28217,0.42962,0.73873,0.70848,0.28061,0.27852,0.23256,0.15108,0.89421,0.55207,0.5804,0.20174,1.6803,0.84966,0.66454,0.26243,0.47733,0.19004,0.94778,0.27045,0.47568,0.1792,0.37393,0.44372,0.3267,0.611,0.42325,0.25791,1.5501,1.21,0.19327,0.39272,0.16474,1.2809,0.18859,1.1428,0.40889,0.16288,0.18667,0.3033,0.42675,0.18624,S1
0.90492,0.25359,1.2108,0.51774,0.2672,1.2697,0.45639,1.7552,0.45487,0.20344,0.19811,0.15264,0.26799,0.30963,0.59898,0.8556,0.80682,0.28082,0.28605,0.25215,0.16111,1.01,0.58125,0.68408,0.2747,2.1625,0.79651,0.79788,0.23664,0.35704,0.16375,1.0396,0.2472,0.45566,0.2026,0.31197,0.86017,0.34722,0.75554,0.52342,0.26587,1.5834,1.5517,0.16408,0.32146,0.14597,1.4037,0.18667,1.6421,0.54693,0.17882,0.16716,0.30419,0.32001,0.21635,S1
0.87118,0.2705,1.1961,0.50825,0.26626,1.2943,0.44586,2.2502,0.46841,0.22971,0.174,0.15713,0.27153,0.35462,0.56308,0.84699,0.63753,0.27308,0.2618,0.2348,0.14389,1.0168,0.52442,0.62893,0.26525,2.3984,0.92954,0.64196,0.27068,0.36844,0.17163,1.0314,0.28636,0.43055,0.21487,0.276,0.7839,0.30056,0.83261,0.46182,0.28353,1.7659,1.3886,0.1814,0.3336,0.18107,1.938,0.21376,1.4694,0.48029,0.17691,0.18462,0.30346,0.30545,0.18913,S1
0.7958,0.32104,1.3846,0.472,0.26643,1.1921,0.43129,1.676,0.53818,0.22606,0.20528,0.14025,0.3156,0.33264,0.54012,0.98061,0.78944,0.31301,0.27159,0.26031,0.15292,1.0316,0.59841,0.73528,0.27986,1.6867,0.87082,0.67985,0.2891,0.42213,0.19652,1.122,0.24765,0.56654,0.19853,0.27903,0.62434,0.27437,0.86953,0.55713,0.3277,1.4822,1.3061,0.19776,0.44954,0.18016,1.632,0.23252,1.5208,0.47479,0.1545,0.18109,0.32725,0.34696,0.20226,S1
0.82929,0.32324,1.0915,0.46086,0.25827,1.1902,0.4138,2.4993,0.44367,0.25481,0.17726,0.14095,0.27197,0.30902,0.52513,1.055,0.66688,0.32641,0.30842,0.22698,0.16037,1.0965,0.59139,0.6118,0.28041,1.6558,0.91499,0.70686,0.24158,0.47053,0.17122,0.96833,0.24847,0.48283,0.22035,0.28114,0.78714,0.31993,0.83805,0.46401,0.19982,1.6602,1.2052,0.2055,0.51939,0.17895,1.5552,0.20027,1.5085,0.52194,0.15721,0.19381,0.32185,0.45601,0.20812,S1
0.90492,0.25359,1.2108,0.51774,0.2672,1.2697,0.45639,1.7552,0.45487,0.20344,0.19811,0.15264,0.26799,0.30963,0.59898,0.8556,0.80682,0.28082,0.28605,0.25215,0.16111,1.01,0.58125,0.68408,0.2747,2.1625,0.79651,0.79788,0.23664,0.35704,0.16375,1.0396,0.2472,0.45566,0.2026,0.31197,0.86017,0.34722,0.75554,0.52342,0.26587,1.5834,1.5517,0.16408,0.32146,0.14597,1.4037,0.18667,1.6421,0.54693,0.17882,0.16716,0.30419,0.32001,0.21635,S1
0.87118,0.2705,1.1961,0.50825,0.26626,1.2943,0.44586,2.2502,0.46841,0.22971,0.174,0.15713,0.27153,0.35462,0.56308,0.84699,0.63753,0.27308,0.2618,0.2348,0.14389,1.0168,0.52442,0.62893,0.26525,2.3984,0.92954,0.64196,0.27068,0.36844,0.17163,1.0314,0.28636,0.43055,0.21487,0.276,0.7839,0.30056,0.83261,0.46182,0.28353,1.7659,1.3886,0.1814,0.3336,0.18107,1.938,0.21376,1.4694,0.48029,0.17691,0.18462,0.30346,0.30545,0.18913,S1
0.7958,0.32104,1.3846,0.472,0.26643,1.1921,0.43129,1.676,0.53818,0.22606,0.20528,0.14025,0.3156,0.33264,0.54012,0.98061,0.78944,0.31301,0.27159,0.26031,0.15292,1.0316,0.59841,0.73528,0.27986,1.6867,0.87082,0.67985,0.2891,0.42213,0.19652,1.122,0.24765,0.56654,0.19853,0.27903,0.62434,0.27437,0.86953,0.55713,0.3277,1.4822,1.3061,0.19776,0.44954,0.18016,1.632,0.23252,1.5208,0.47479,0.1545,0.18109,0.32725,0.34696,0.20226,S1
0.82929,0.32324,1.0915,0.46086,0.25827,1.1902,0.4138,2.4993,0.44367,0.25481,0.17726,0.14095,0.27197,0.30902,0.52513,1.055,0.66688,0.32641,0.30842,0.22698,0.16037,1.0965,0.59139,0.6118,0.28041,1.6558,0.91499,0.70686,0.24158,0.47053,0.17122,0.96833,0.24847,0.48283,0.22035,0.28114,0.78714,0.31993,0.83805,0.46401,0.19982,1.6602,1.2052,0.2055,0.51939,0.17895,1.5552,0.20027,1.5085,0.52194,0.15721,0.19381,0.32185,0.45601,0.20812,S1
1.1162,0.31656,0.80744,0.55327,0.28107,1.122,0.40908,2.2184,0.50103,0.25369,0.18727,0.13784,0.34694,0.36155,0.65514,1.0187,0.84922,0.35345,0.25787,0.25096,0.1419,0.98605,0.62791,0.76332,0.35607,1.1799,0.84047,0.61713,0.29108,0.42475,0.17471,0.9199,0.2434,0.49545,0.17748,0.27264,0.68112,0.31281,0.74027,0.44557,0.28159,1.1685,1.0366,0.15452,0.49567,0.15961,1.7453,0.1968,1.2855,0.48626,0.17239,0.15551,0.33951,0.38731,0.20044,S1
1.0443,0.29067,0.80162,0.50436,0.28952,0.99964,0.37421,2.8156,0.50644,0.20785,0.17662,0.19114,0.33746,0.36808,0.59909,1.073,0.78766,0.34017,0.26515,0.29878,0.158,1.1924,0.68203,0.83702,0.31674,1.2775,0.89806,0.62769,0.29214,0.3801,0.16863,0.88219,0.25534,0.49107,0.20345,0.29632,0.70345,0.29068,0.88445,0.59547,0.26438,1.2984,1.1063,0.14112,0.52224,0.1482,1.5328,0.17878,1.4262,0.55277,0.1786,0.15656,0.36528,0.33949,0.18401,S1
1.1404,0.36262,0.78178,0.52038,0.33207,1.1061,0.42136,1.2418,0.57376,0.23372,0.14956,0.15263,0.28231,0.40846,0.66957,1.0837,0.66868,0.37868,0.25868,0.27786,0.15527,1.0906,0.73563,0.80111,0.31767,1.3564,0.84148,0.58556,0.24194,0.43819,0.19194,0.68036,0.24632,0.46395,0.23645,0.25851,0.73216,0.34314,0.91091,0.39426,0.28176,1.3077,1.1632,0.15812,0.46297,0.18023,1.3112,0.23587,1.2767,0.48326,0.29688,0.16682,0.38355,0.36066,0.22375,S1
1.1557,0.32536,0.77276,0.55961,0.35027,1.011,0.61183,1.5745,0.5053,0.23384,0.15966,0.14645,0.39221,0.39236,0.55585,1.0656,0.75741,0.36304,0.24092,0.2677,0.13397,0.91866,0.58093,0.76081,0.34897,1.0715,0.71514,0.70725,0.25709,0.41661,0.15321,0.71775,0.25762,0.6495,0.28301,0.26588,0.67761,0.27597,0.77287,0.6179,0.23501,1.3005,1.0679,0.15153,0.48319,0.17619,1.8545,0.18982,1.2963,0.54454,0.23692,0.15326,0.37531,0.30945,0.20882,S1
0.46624,0.062605,0.37414,0.053955,0.073067,0.74089,0.1523,1.1871,0.053816,0.11855,0.040804,0.052797,0.065657,0.068329,0.097553,0.35445,0.15433,0.047645,0.062772,0.1877,0.039917,0.28138,0.054632,0.25797,0.067939,0.75394,0.19652,0.12644,0.037868,0.11884,0.034646,0.45262,0.057053,0.08265,0.058147,0.055373,0.13324,0.046191,0.291,0.084892,0.046772,0.76489,0.47404,0.050071,0.22455,0.045609,0.5143,0.042416,0.27918,0.078507,0.053026,0.045133,0.054553,0.11706,0.058299,S2
0.50251,0.059291,0.3724,0.051184,0.065519,0.69018,0.14759,1.2527,0.052457,0.1267,0.040889,0.039821,0.06645,0.059952,0.095621,0.37823,0.14738,0.046713,0.056867,0.21526,0.037609,0.25297,0.055036,0.23043,0.070217,0.76933,0.22438,0.12819,0.037958,0.13509,0.040737,0.43929,0.053066,0.082701,0.05741,0.050155,0.13732,0.043643,0.47353,0.087381,0.045292,0.74305,0.54587,0.043677,0.24385,0.049175,0.36221,0.045643,0.24061,0.088947,0.06493,0.045072,0.05028,0.12876,0.061265,S2
0.40748,0.05266,0.34872,0.050125,0.073917,0.70069,0.14358,0.87516,0.048006,0.12713,0.044796,0.041273,0.061364,0.067891,0.09936,0.30897,0.13669,0.050216,0.054234,0.20933,0.036209,0.29,0.05962,0.21079,0.074522,0.81364,0.22298,0.12209,0.037233,0.12066,0.045506,0.44958,0.051614,0.097261,0.055328,0.054742,0.15236,0.042068,0.38529,0.084332,0.041503,0.73181,0.5381,0.046423,0.20532,0.048007,0.36476,0.04375,0.27143,0.078703,0.06425,0.040734,0.052536,0.13226,0.056936,S2
0.41116,0.058876,0.39107,0.057019,0.07224,0.74592,0.15721,1.0625,0.051743,0.13166,0.050262,0.047044,0.066779,0.071856,0.095463,0.31938,0.15119,0.045419,0.054539,0.20059,0.043351,0.26796,0.055103,0.2338,0.070726,0.75534,0.23341,0.13151,0.041216,0.13547,0.039752,0.4065,0.056026,0.10243,0.055985,0.050218,0.12567,0.040458,0.46414,0.094699,0.040154,0.78616,0.50575,0.048225,0.20783,0.054532,0.35586,0.045193,0.2504,0.07949,0.057508,0.04635,0.056267,0.13343,0.066601,S2
0.40341,0.048024,0.36351,0.042136,0.05751,0.54209,0.14548,1.6116,0.041826,0.1232,0.031907,0.038909,0.051858,0.049339,0.073301,0.35478,0.10156,0.043377,0.046599,0.20923,0.030208,0.22942,0.048947,0.21563,0.059168,0.64533,0.16617,0.10873,0.032042,0.18979,0.037355,0.4094,0.050137,0.059322,0.0559,0.040348,0.15076,0.035325,0.37189,0.091634,0.030751,0.60695,0.47363,0.032032,0.2216,0.040136,0.2708,0.03351,0.19066,0.066695,0.046567,0.0372,0.046163,0.13352,0.048058,S2
0.39189,0.037935,0.36517,0.046982,0.063011,0.49291,0.14112,1.1102,0.040016,0.13149,0.038815,0.047072,0.048968,0.053267,0.063253,0.31975,0.10029,0.037457,0.043351,0.20086,0.030617,0.21539,0.039345,0.25364,0.05287,0.45818,0.16404,0.08768,0.038753,0.13495,0.032636,0.4069,0.040506,0.083805,0.046356,0.042314,0.15317,0.036839,0.3541,0.063988,0.028114,0.61341,0.41584,0.044998,0.21689,0.038263,0.33723,0.03513,0.23735,0.073696,0.044371,0.041475,0.040063,0.14264,0.049543,S2
0.45017,0.0426,0.36726,0.04068,0.061555,0.45825,0.14983,0.85934,0.041841,0.13618,0.032275,0.03465,0.055841,0.058519,0.062719,0.36414,0.085799,0.038536,0.048968,0.18735,0.028635,0.23288,0.043994,0.21471,0.054281,0.47856,0.1725,0.094964,0.033914,0.11168,0.034625,0.36989,0.043402,0.067599,0.044407,0.0496,0.15156,0.036729,0.26047,0.054998,0.033417,0.56008,0.42048,0.034494,0.19059,0.039574,0.23449,0.037299,0.19306,0.05933,0.048739,0.035487,0.03944,0.128,0.044288,S2
0.41883,0.057404,0.34438,0.04552,0.066781,0.58469,0.13731,1.0845,0.044186,0.14077,0.035962,0.032661,0.049594,0.056329,0.069737,0.32191,0.097851,0.035802,0.050086,0.17734,0.031614,0.19984,0.03617,0.27543,0.05101,0.48536,0.15289,0.092548,0.033901,0.10839,0.035227,0.38967,0.048583,0.07185,0.049398,0.045517,0.16097,0.038296,0.30916,0.067885,0.032081,0.60758,0.41734,0.037451,0.19757,0.043904,0.22326,0.03397,0.22558,0.062626,0.042859,0.039995,0.04042,0.12266,0.046034,S2
0.45557,0.055423,0.3024,0.038724,0.077537,0.50791,0.14827,0.74488,0.040762,0.12941,0.031738,0.03226,0.053426,0.066523,0.07819,0.37245,0.077086,0.042704,0.042584,0.18028,0.031174,0.16355,0.043917,0.2036,0.05607,0.47103,0.15021,0.073032,0.029682,0.15519,0.033106,0.3198,0.038676,0.062904,0.059959,0.038749,0.20769,0.033769,0.29485,0.055629,0.027638,0.45527,0.43873,0.028765,0.24596,0.037726,0.22361,0.02873,0.20016,0.065304,0.040188,0.02998,0.036646,0.15196,0.05775,S2
0.41981,0.055154,0.33591,0.0444,0.057026,0.42725,0.14463,0.99533,0.036141,0.11549,0.03235,0.036264,0.05141,0.055796,0.071151,0.38957,0.081968,0.036652,0.039075,0.18591,0.031023,0.15112,0.034682,0.19402,0.052339,0.46508,0.13306,0.079699,0.029608,0.15198,0.030068,0.34643,0.039489,0.062087,0.047245,0.043895,0.2102,0.036031,0.35391,0.08335,0.029533,0.42869,0.42715,0.033684,0.21588,0.037707,0.23991,0.031841,0.23291,0.06795,0.053129,0.035432,0.038571,0.14114,0.059664,S2
0.36291,0.05051,0.33923,0.039256,0.064492,0.453,0.1423,0.98424,0.039518,0.15122,0.033713,0.032475,0.054427,0.060463,0.060463,0.44825,0.081408,0.0442,0.041023,0.17979,0.032203,0.15536,0.040546,0.21159,0.062031,0.44604,0.1474,0.071346,0.035751,0.16203,0.033418,0.38026,0.039974,0.049528,0.055711,0.047768,0.19691,0.031741,0.30352,0.05407,0.032125,0.45978,0.37475,0.034789,0.27709,0.035995,0.31749,0.02556,0.20385,0.064047,0.048863,0.031757,0.040638,0.12576,0.050731,S2
0.48534,0.049954,0.34063,0.03991,0.061446,0.43892,0.16044,1.2865,0.040107,0.14333,0.039024,0.028884,0.052985,0.060923,0.072263,0.43426,0.079236,0.036956,0.040711,0.19486,0.02949,0.16004,0.042412,0.22875,0.052512,0.41348,0.14991,0.070083,0.029032,0.18354,0.029766,0.36428,0.048748,0.072157,0.05758,0.04243,0.23416,0.036974,0.35338,0.062227,0.035618,0.44609,0.40184,0.037011,0.27976,0.03426,0.24403,0.028453,0.22511,0.054069,0.047327,0.029239,0.042168,0.16466,0.051401,S2
0.51346,0.057244,0.34488,0.039619,0.064133,0.53338,0.18635,1.4077,0.044767,0.17177,0.031132,0.031668,0.070142,0.059231,0.061892,0.45675,0.10454,0.047619,0.045111,0.22721,0.027839,0.15104,0.051804,0.19147,0.056525,0.46565,0.1285,0.085955,0.036734,0.18662,0.033598,0.38392,0.041175,0.057773,0.067399,0.04837,0.27335,0.031805,0.47161,0.059094,0.029508,0.41197,0.37012,0.034665,0.27269,0.033359,0.38997,0.030875,0.21594,0.07229,0.058195,0.029122,0.046371,0.15317,0.058846,S2
0.45817,0.063068,0.31224,0.044968,0.054294,0.59614,0.18819,0.86646,0.042827,0.14801,0.030821,0.031216,0.059115,0.065765,0.078433,0.4384,0.080159,0.041935,0.047079,0.19409,0.029849,0.1494,0.045658,0.16954,0.060553,0.40032,0.13313,0.079239,0.029984,0.21724,0.032108,0.3077,0.041724,0.069656,0.052455,0.044895,0.25079,0.030714,0.3869,0.057867,0.030112,0.51885,0.40307,0.033967,0.28656,0.034803,0.31351,0.025211,0.23905,0.06599,0.048277,0.028615,0.042474,0.1541,0.053046,S2
0.4781,0.061411,0.38528,0.04334,0.06058,0.52368,0.16283,0.97348,0.041006,0.14606,0.034206,0.029639,0.065957,0.057646,0.060958,0.53076,0.096993,0.045994,0.04724,0.1924,0.02966,0.15923,0.054701,0.18071,0.063202,0.71695,0.12209,0.073661,0.034908,0.18952,0.03365,0.40414,0.03872,0.065054,0.057514,0.053411,0.27088,0.040667,0.45628,0.054232,0.032941,0.55435,0.41798,0.033158,0.22611,0.030575,0.19876,0.029798,0.219,0.060717,0.04565,0.028687,0.052716,0.15702,0.054171,S2
0.45142,0.064579,0.37395,0.044199,0.063067,0.49553,0.19211,0.82376,0.052242,0.16258,0.033884,0.029335,0.063713,0.058683,0.068598,0.43318,0.078035,0.042472,0.038669,0.20745,0.027149,0.15284,0.055304,0.203,0.05609,0.45837,0.14593,0.084107,0.03397,0.1988,0.033002,0.37756,0.048526,0.05473,0.060109,0.045902,0.25383,0.036445,0.34394,0.046863,0.036656,0.44488,0.44993,0.025219,0.22271,0.032501,0.22801,0.03023,0.20059,0.060204,0.051105,0.038454,0.048615,0.14882,0.055537,S2
0.56006,0.065103,0.32887,0.039234,0.064081,0.55157,0.18415,1.0196,0.046755,0.1894,0.035276,0.03094,0.065747,0.06328,0.06914,0.51472,0.086317,0.053826,0.04058,0.24803,0.028313,0.12036,0.047116,0.1928,0.068885,0.49089,0.13567,0.08584,0.034508,0.25971,0.03585,0.34645,0.047272,0.07638,0.066989,0.052038,0.24192,0.03981,0.39289,0.046972,0.031887,0.45441,0.40705,0.029499,0.22845,0.032077,0.18395,0.029222,0.19753,0.062246,0.051164,0.030656,0.053344,0.14793,0.051385,S2
0.46205,0.068972,0.29664,0.046067,0.062284,0.45301,0.18528,0.89897,0.046845,0.17169,0.036215,0.031151,0.080691,0.069199,0.07174,0.42872,0.084293,0.045485,0.050364,0.2127,0.029182,0.1324,0.050779,0.18172,0.063812,0.5413,0.13014,0.072277,0.034923,0.17979,0.034013,0.3492,0.042768,0.054721,0.056548,0.040461,0.25757,0.035083,0.45455,0.060164,0.028821,0.42529,0.37894,0.040812,0.21985,0.030865,0.34297,0.026949,0.21356,0.062071,0.053036,0.030817,0.057512,0.15667,0.059671,S2
0.47814,0.06088,0.31572,0.048814,0.066187,0.48507,0.21185,1.0684,0.045526,0.18234,0.035656,0.030984,0.068486,0.060558,0.068578,0.52701,0.084785,0.047324,0.048344,0.20662,0.027286,0.13818,0.042946,0.19243,0.064258,0.44581,0.14267,0.090541,0.033505,0.22881,0.027759,0.37966,0.043888,0.056933,0.060646,0.046974,0.28106,0.037452,0.45014,0.062514,0.030325,0.39297,0.38337,0.032156,0.26239,0.034397,0.27283,0.028441,0.21516,0.069553,0.054649,0.031105,0.042239,0.23947,0.061157,S2
0.54409,0.06907,0.27618,0.049536,0.059178,0.51498,0.2236,0.80089,0.049037,0.17527,0.033412,0.029198,0.062263,0.05635,0.070189,0.49476,0.12297,0.051923,0.04347,0.22718,0.026222,0.14125,0.056055,0.20517,0.060079,0.43962,0.13066,0.090512,0.030062,0.30666,0.03187,0.35117,0.044261,0.068739,0.061533,0.039924,0.25725,0.035198,0.4924,0.073611,0.03093,0.39804,0.41253,0.031976,0.32476,0.037664,0.2777,0.02705,0.2299,0.074366,0.05082,0.031879,0.04675,0.15487,0.059784,S2
3.1691,1.4092,2.1217,1.3737,0.87463,3.1001,1.6573,1.0969,1.3263,1.6276,0.70537,0.74365,1.2232,1.0397,1.1479,2.065,2.1055,1.2241,1.2388,0.6899,0.68043,2.7587,1.1802,1.3021,1.1422,3.5125,3.5601,1.7083,1.3866,2.1746,0.77752,2.3246,1.2768,1.5561,0.57193,1.207,1.8485,1.3187,0.59013,1.753,1.1647,3.8259,3.1023,0.76784,2.3077,0.68765,2.4437,0.90678,2.3928,1.2053,0.67587,0.80783,1.1739,1.8789,0.644,S3
3.2901,1.5023,2.3482,1.3062,0.90123,3.0661,1.8108,7.068,1.3059,1.9901,0.63558,0.77178,1.1773,1.1117,1.1956,2.1756,2.4284,1.3071,1.5717,0.89452,0.59011,2.5443,1.3915,1.4531,1.1444,3.9312,3.5894,1.8458,1.2648,2.269,0.69501,1.937,1.3873,1.7594,0.65181,1.19,2.0559,1.2286,1.721,1.6824,0.92744,3.8308,2.9767,0.74414,2.5924,0.80698,2.952,1.1134,2.8585,1.3454,0.65389,0.82038,1.0268,1.9675,0.64873,S3
3.2306,1.4095,2.112,1.5006,0.86345,3.4803,1.9822,3.4108,1.4313,1.3988,0.71408,0.82629,1.2863,0.89212,1.4855,2.143,2.1392,1.4209,1.2902,0.7476,0.83181,2.515,1.4376,1.4386,1.0685,4.3374,3.3205,1.7751,1.3124,2.3322,0.62004,2.4265,1.4054,1.8148,0.6027,1.4041,2.1249,1.1642,2.1406,1.6898,1.1419,4.1132,3.4514,0.89465,2.1033,0.80887,2.5244,0.92885,2.6357,1.4196,0.70401,0.95028,1.201,1.9739,0.72447,S3
3.4093,1.4783,2.2505,1.5803,0.83096,3.4419,2.0316,2.0088,1.3417,1.7942,0.75556,0.69625,1.2151,0.94855,1.3512,1.937,1.9443,1.1423,1.1856,0.79574,0.65595,2.3088,1.5356,1.2389,1.0796,4.0617,2.9169,1.6365,1.2643,2.1257,0.68286,2.0777,1.3243,1.3326,0.47646,1.3438,1.9443,1.2865,1.3516,1.5079,1.3302,3.971,2.9078,0.68094,1.8769,0.82502,1.9243,1.1516,2.4723,1.1902,0.62986,0.81311,0.91703,2.1337,0.61082,S3
2.4253,1.234,1.5883,1.1657,0.74761,3.4809,1.4824,1.2669,1.3711,1.8319,0.6283,0.70958,1.3242,0.91101,1.5745,2.2192,2.2876,1.2578,1.1729,0.80591,0.61573,2.6317,1.363,1.3743,1.0911,4.506,3.9136,1.985,0.91143,2.2087,0.50615,1.8384,1.4547,1.7405,0.65632,1.6217,1.8189,1.238,0.77495,1.5326,1.0473,4.7067,4.1389,0.61765,1.6733,0.67676,2.6704,0.72016,2.452,1.1004,0.58662,0.84454,1.0528,1.4082,0.62405,S3
2.8855,2.1503,1.9104,1.2472,0.86054,4.1426,1.3957,5.061,1.1,1.9522,0.60817,0.81464,1.2956,1.2309,1.8872,1.977,1.9677,1.196,1.1844,0.85905,0.73051,2.381,1.3722,1.2873,1.1986,4.7098,3.3871,1.8907,1.2285,2.2191,0.5152,1.8948,1.2146,1.5735,0.51585,1.1452,1.876,1.0746,3.1643,1.6343,0.96911,4.4749,4.8901,0.76107,1.8687,0.81366,3.946,0.85709,3.4297,1.2315,0.59424,0.83918,1.458,1.6786,0.57218,S3
2.154,1.6929,1.6453,1.3651,0.80916,3.8363,1.6027,3.2005,1.0271,1.7476,0.70369,0.75532,1.4962,1.1022,1.5918,2.3047,2.309,1.0693,1.2822,0.74456,0.60809,2.5534,1.8613,1.733,1.1831,4.3271,3.3838,1.8413,1.2577,2.1544,0.63856,1.8524,1.2348,1.8679,0.737,1.5387,1.5657,1.5101,0.72623,1.6734,1.3189,4.5836,5.0325,0.71421,1.7672,0.85574,2.7643,0.81397,2.158,1.2385,0.76649,0.83278,1.1843,1.7,0.64038,S3
2.4955,1.1299,1.6153,1.2333,0.76455,2.7591,1.4362,1.8691,1.2773,2.1216,0.5712,0.7187,1.2904,0.92318,1.5523,1.885,2.2338,0.95255,1.2411,0.75898,0.57826,2.3155,1.4702,1.3482,1.0239,4.0865,3.0666,1.9675,0.93917,2.2356,0.57548,1.8083,0.9245,1.7721,0.6111,1.1675,1.5957,0.89214,0.29335,1.6617,1.1396,3.5874,5.021,0.66986,1.9186,0.76636,2.1189,0.78552,2.0448,1.0276,0.59551,0.70783,1.0238,1.6803,0.65082,S3
2.8645,1.1546,1.5471,1.1672,0.85094,3.6151,1.5859,3.3753,1.3701,1.8832,0.49429,0.65422,1.0204,0.86028,1.6124,2.2627,1.9728,0.97835,1.1546,0.60594,0.55558,2.1478,1.0209,1.7463,1.0084,6.0725,3.115,1.7836,0.9442,1.9901,0.51506,1.6804,0.9058,1.5077,0.52115,0.86351,1.3988,1.1644,0.57494,1.5984,0.95774,4.5243,5.1925,0.60404,2.475,0.81697,2.1025,0.78473,1.7852,1.1077,0.56584,0.75624,1.0327,1.8079,0.52056,S3
2.844,1.1602,1.631,1.4904,0.81098,3.7623,1.4471,1.4904,1.7644,1.9142,0.61109,0.72075,1.0627,0.80756,1.617,2.049,2.0174,1.0149,1.0198,0.62054,0.72709,2.0011,1.4127,1.6547,1.2344,4.1555,3.4267,2.0363,1.1085,1.9575,0.49697,1.5828,1.0847,1.4158,0.5992,1.2119,1.3561,1.1151,0.67763,1.9023,0.84632,3.7915,4.8963,0.669,2.9719,0.82317,3.1946,0.7704,2.2963,1.1596,0.59948,0.81107,1.1048,1.3222,0.63839,S3
3.0347,1.2832,1.523,1.0483,0.80735,4.2327,1.6541,0.93763,1.133,1.987,0.50421,0.67293,1.2348,0.85572,1.6093,2.4501,2.4333,1.0831,1.175,0.55974,0.6338,1.8891,1.0726,1.5538,1.2632,5.8052,3.5298,1.6033,0.86821,1.9831,0.55898,1.7416,1.1436,1.5235,0.57063,1.238,1.3766,1.1332,0.72555,1.5139,1.109,3.9663,4.8305,0.63146,2.8103,0.87162,1.8813,1.2522,1.9828,1.0776,0.58716,0.8152,1.1766,1.5064,0.62751,S3
2.8398,1.2287,1.5696,1.1389,0.78022,3.6646,1.4627,1.658,1.0336,1.8099,0.6081,0.58946,1.1966,0.85224,1.924,2.2857,1.8383,1.2995,0.90637,0.51259,0.5561,2.0623,1.2012,1.7582,1.0046,4.3954,3.226,1.7963,0.98284,1.7714,0.58197,1.6139,1.1004,1.4421,0.59104,1.2275,1.4193,1.0457,0.72656,1.3553,1.0302,4.5402,4.869,0.62555,3.1611,0.78561,2.1797,0.68693,1.8413,1.1789,0.63096,0.82004,1.1823,1.641,0.50867,S3
3.1355,1.2015,1.1821,1.33,0.76099,3.8936,1.316,3.3136,1.4467,1.8032,0.50225,0.73694,1.049,0.8219,1.6293,2.4709,1.8627,1.0069,1.051,0.66514,0.7177,1.8238,1.263,1.394,1.0035,4.6075,3.3378,2.0229,1.0239,1.7588,0.46848,1.6722,0.93392,1.7914,0.6564,1.0269,1.2251,1.1383,2.1686,1.4803,1.3006,4.2154,4.1136,0.60642,2.3178,0.96914,1.4692,1.0054,1.9105,1.1471,0.71252,0.75869,0.98089,1.4417,0.69792,S3
3.2667,1.7888,1.5184,1.1886,0.85374,5.0671,1.3747,2.5033,1.0297,1.7306,0.54862,0.68723,2.3378,0.85659,1.8275,2.4427,2.5536,1.2608,0.87873,0.6847,0.75482,1.9128,1.4711,1.6175,1.2702,4.4079,3.8726,1.9942,1.0142,1.5861,0.46783,1.737,1.0272,1.3347,0.71956,1.1886,1.6842,1.3268,1.2511,1.8934,1.0241,5.0705,5.0543,0.69246,2.5539,0.8866,3.772,0.92863,1.6781,1.4518,0.55643,0.82522,2.0212,1.5683,0.5801,S3
3.1085,1.4451,1.5104,1.4008,0.92876,4.0853,1.3749,1.3761,1.3751,1.7857,0.6566,0.75311,1.3315,0.81005,1.4539,2.5474,1.8124,1.1593,1.1887,0.48418,0.71589,2.0102,1.1747,1.3583,1.3063,4.234,3.6948,1.6508,0.9063,1.5029,0.50889,1.8273,1.0866,1.484,0.51834,1.0585,1.3083,1.064,0.51371,1.4409,0.8835,4.959,4.3393,0.67293,2.4969,0.97171,1.5655,0.98052,1.6482,1.0863,0.51302,0.81114,1.1351,1.5756,0.67113,S3
3.0765,1.0012,1.5021,1.2207,0.83112,3.7198,1.1107,0.96796,1.1826,1.8091,0.62709,0.74967,1.1868,0.90681,1.4213,2.1311,2.1327,1.0007,0.91522,0.5494,0.80386,1.6871,1.3867,1.3903,1.1068,4.6861,3.7476,1.557,0.83232,1.7351,0.58806,1.5827,1.0026,1.5834,0.58503,1.1588,1.4132,1.1426,0.36795,1.2493,0.86757,4.0188,4.4651,0.68878,3.0678,0.99768,1.698,0.73805,1.8377,1.1824,0.73698,0.73728,0.85675,1.3989,0.52411,S3
2.5166,0.89778,1.1948,1.0552,0.60867,3.9205,1.1101,3.016,1.0566,1.4801,0.49968,0.5145,0.99488,0.85071,1.2054,2.3015,1.5595,0.84165,0.71038,0.47449,0.93118,1.5852,1.018,1.818,0.85883,4.1261,2.9423,1.5894,0.66866,1.6673,0.40329,1.4497,0.67973,1.2483,0.496,0.8073,1.203,0.75224,1.8704,1.4482,0.80698,4.1381,4.6554,0.53683,2.3372,0.83065,2.7353,0.83969,1.616,0.95722,0.44709,0.72141,0.89497,1.3933,0.44805,S3
2.7522,1.1822,1.4447,1.0545,0.61102,3.4163,1.0858,1.9761,1.3382,1.4839,0.51807,0.53593,1.1121,0.71473,1.1802,2.2601,1.6999,0.81242,1.2118,0.4621,0.67678,1.8466,0.97147,1.5071,0.89199,4.3025,2.9562,1.318,0.71023,1.4985,0.44569,1.5954,0.74411,1.0928,0.48147,1.0237,1.1148,0.88639,0.8016,1.0726,0.76554,3.8352,4.7234,0.47967,2.5213,0.67726,2.2654,0.71001,2.1963,0.90702,0.57787,0.72303,1.019,1.608,0.48033,S3
2.5736,0.93294,1.4221,1.0269,0.81087,3.6869,1.1452,3.961,1.0136,1.8757,0.52605,0.64964,1.0183,0.79987,1.1109,2.0491,1.8572,0.96396,0.74405,0.53233,0.70399,1.7501,0.86922,1.126,0.93703,3.8347,2.9837,1.5327,0.75814,1.8237,0.51352,1.4283,0.73549,1.1507,0.42853,0.97571,1.1043,0.78117,2.2765,1.2042,1.0304,3.8221,4.0364,0.52461,2.5872,0.75784,1.3335,0.73295,1.5118,0.93861,0.51696,0.76329,0.83397,1.4533,0.50116,S3
2.7003,1.0452,1.4587,1.0245,0.60668,4.2516,1.1484,1.3784,1.0983,1.6382,0.46889,0.43762,0.94186,0.77593,1.3145,2.3964,1.7546,0.87124,0.72909,0.49133,0.62721,1.9434,0.82169,1.4474,0.89104,3.9498,3.0755,1.5457,0.6586,1.5264,0.4363,1.5228,0.72016,1.3707,0.45776,0.83623,1.2274,0.8592,0.6907,1.1797,0.71392,4.3238,4.6408,0.62756,2.5037,0.70883,2.2927,0.63012,1.8423,0.97913,0.50307,0.65951,0.94012,1.6624,0.44036,S3
0.65551,0.29819,0.40495,0.30447,0.25701,0.77961,0.21514,0.7226,0.30638,0.19622,0.20479,0.20985,0.30315,0.27022,0.38343,0.4456,0.63656,0.3425,0.23896,0.17722,0.16719,0.72187,0.35269,0.26793,0.25547,0.79656,0.85593,0.53407,0.24154,0.35338,0.20883,0.49828,0.3058,0.35308,0.17328,0.2855,0.22305,0.29097,0.44068,0.30102,0.20958,0.90236,0.70713,0.19669,0.35323,0.21025,0.68329,0.29042,0.61298,0.32475,0.18966,0.23598,0.31221,0.29142,0.1779,S4
0.64829,0.30251,0.44397,0.31828,0.25339,0.84221,0.25186,0.57079,0.33584,0.22553,0.27774,0.24562,0.35369,0.28553,0.46498,0.417,0.72318,0.30644,0.34161,0.19212,0.24387,0.74202,0.32449,0.26972,0.29905,0.95229,0.85624,0.60586,0.29325,0.33222,0.21864,0.47197,0.3924,0.39429,0.16617,0.42011,0.23659,0.37175,0.19107,0.34133,0.27043,0.85409,0.74679,0.22175,0.31598,0.27723,0.59114,0.27047,0.6234,0.36728,0.17281,0.28589,0.27884,0.30035,0.17206,S4
0.65596,0.3177,0.44057,0.27086,0.24594,0.73708,0.23394,0.4789,0.31638,0.24623,0.19404,0.21304,0.27996,0.30159,0.42489,0.40499,0.61135,0.32343,0.31552,0.19477,0.19071,0.66701,0.29392,0.24863,0.22089,0.68617,0.81131,0.48996,0.24113,0.38036,0.19329,0.52077,0.27575,0.49692,0.17179,0.26726,0.21172,0.31275,0.22127,0.32919,0.2495,0.83925,0.71412,0.21176,0.33653,0.23508,0.62107,0.27546,0.62785,0.33854,0.16519,0.22594,0.27925,0.33231,0.16694,S4
0.77929,0.351,0.4656,0.30999,0.2453,0.78739,0.20577,0.71681,0.3179,0.21664,0.18986,0.25314,0.30178,0.27824,0.4658,0.38493,0.64277,0.30991,0.27565,0.19075,0.24177,0.64962,0.26589,0.25564,0.27625,0.65398,0.76854,0.54724,0.23921,0.45219,0.18399,0.50406,0.37454,0.37975,0.1482,0.27576,0.21133,0.28263,0.46302,0.38041,0.25829,0.9206,0.75139,0.21634,0.39124,0.31267,0.77238,0.24621,0.60065,0.34864,0.13764,0.23677,0.31016,0.43965,0.17603,S4
0.4589,0.26624,0.30411,0.32572,0.29061,0.99529,0.23194,0.60721,0.28988,0.21001,0.23177,0.21115,0.39381,0.38456,0.39601,0.46653,0.53616,0.38924,0.3422,0.18628,0.23956,0.71584,0.27487,0.4136,0.30561,0.85807,0.68369,0.51233,0.24918,0.35796,0.20546,0.38545,0.29072,0.37914,0.18612,0.33625,0.20015,0.24521,0.24919,0.31874,0.20506,0.87867,0.66635,0.21103,0.49717,0.29299,0.47452,0.25323,0.49228,0.33333,0.21746,0.22665,0.35431,0.37672,0.20459,S4
0.56314,0.30853,0.33979,0.30217,0.32594,0.83479,0.27011,1.1543,0.33552,0.27386,0.24236,0.26295,0.34853,0.30627,0.34456,0.49779,0.60183,0.32918,0.31321,0.1971,0.24937,0.55278,0.33855,0.36606,0.32789,0.77903,0.71712,0.54095,0.30072,0.37798,0.20055,0.32043,0.31752,0.36711,0.17861,0.41164,0.24447,0.3826,0.49924,0.33702,0.44784,0.94091,0.67441,0.28748,0.49297,0.26373,0.5285,0.40282,0.48322,0.39689,0.19636,0.22356,0.28797,0.32136,0.26459,S4
0.49188,0.2682,0.32791,0.29766,0.21406,0.94705,0.20799,1.0365,0.32971,0.23474,0.1817,0.1871,0.3,0.23316,0.45483,0.43204,0.50566,0.33657,0.23922,0.20271,0.2792,0.65877,0.29838,0.40862,0.27952,0.82907,0.77013,0.4581,0.255,0.37047,0.1669,0.33554,0.31611,0.32449,0.33429,0.41423,0.19934,0.38567,0.46883,0.44825,0.35306,0.83729,0.68287,0.17652,0.47112,0.26532,0.45763,0.29765,0.45949,0.62109,0.33504,0.30676,0.25905,0.35255,0.26454,S4
0.47671,0.38805,0.37944,0.30688,0.26245,0.81536,0.21934,0.71496,0.27523,0.1989,0.18597,0.25982,0.3383,0.25217,0.36602,0.47933,0.52488,0.27781,0.39803,0.20024,0.20057,0.61128,0.39549,0.36717,0.28526,0.8648,0.75788,0.52025,0.21475,0.40381,0.18467,0.36878,0.245,0.32196,0.19231,0.23557,0.23491,0.28997,0.49139,0.44806,0.24742,0.76443,0.73898,0.24874,0.59091,0.18156,0.76566,0.16093,0.45483,0.54616,0.15509,0.1969,0.32984,0.38256,0.20057,S4
0.45134,0.33501,0.38109,0.27682,0.24341,1.0255,0.21094,0.6424,0.24498,0.26956,0.2025,0.17321,0.31206,0.22696,0.38921,0.43873,0.53832,0.32936,0.23895,0.19523,0.19104,0.49836,0.29588,0.34157,0.27271,0.78353,0.75285,0.48099,0.19949,0.26728,0.19607,0.33688,0.24262,0.29752,0.18512,0.26395,0.20389,0.29316,0.27624,0.31267,0.19789,0.91003,0.83098,0.18979,0.42881,0.19171,0.52361,0.29018,0.41213,0.31197,0.18522,0.20225,0.43604,0.38823,0.15732,S4
0.51884,0.29847,0.34329,0.26516,0.18578,1.1418,0.21401,0.60371,0.25305,0.32139,0.17154,0.19066,0.31626,0.22918,0.36474,0.50852,0.53677,0.26182,0.22126,0.18093,0.2122,0.59209,0.26328,0.37042,0.28546,0.91411,0.80072,0.47436,0.25173,0.25365,0.18473,0.36122,0.17738,0.29546,0.16612,0.20452,0.31486,0.21989,0.29417,0.30486,0.27878,0.96791,0.86439,0.22328,0.47361,0.21377,0.5019,0.27804,0.45534,0.29211,0.13482,0.23147,0.31021,0.38218,0.18409,S4
0.41732,0.32044,0.32367,0.31587,0.2221,1.0014,0.22868,1.4742,0.25336,0.28673,0.21136,0.17483,0.36636,0.2765,0.45992,0.41112,0.52431,0.28749,0.2712,0.20338,0.30085,0.59226,0.28518,0.40561,0.36415,0.86847,0.75807,0.53641,0.26583,0.24968,0.18363,0.35182,0.33123,0.29516,0.22654,0.30355,0.19729,0.26015,0.3972,0.34382,0.24872,1.0539,0.88115,0.19569,0.4628,0.19722,0.50927,0.24511,0.396,0.34975,0.15936,0.25843,0.32071,0.3462,0.20426,S4
0.5819,0.30217,0.35828,0.27027,0.18355,1.0535,0.20403,0.80301,0.22124,0.25279,0.21398,0.24939,0.35406,0.2162,0.36432,0.47298,0.6385,0.30385,0.21082,0.19085,0.22121,0.51857,0.27952,0.46414,0.28387,0.94669,0.6803,0.44632,0.20194,0.26077,0.23326,0.32992,0.21778,0.37784,0.18712,0.22267,0.19082,0.26449,0.33941,0.33435,0.18915,0.98215,0.87159,0.18743,0.44024,0.19882,0.59202,0.19188,0.41258,0.29246,0.17001,0.18915,0.25771,0.28618,0.18604,S4
0.52977,0.24159,0.32728,0.24054,0.19959,1.1686,0.22304,0.75462,0.23323,0.26751,0.21777,0.18845,0.27854,0.25866,0.38157,0.41386,0.52238,0.30925,0.20133,0.20259,0.18896,0.50913,0.25976,0.44626,0.23363,0.95307,0.70891,0.49084,0.17768,0.22763,0.14914,0.39666,0.22975,0.26467,0.1642,0.19845,0.237,0.2144,0.26251,0.2681,0.15228,1.1158,0.80182,0.18838,0.39641,0.16744,0.47228,0.17379,0.38353,0.27878,0.13192,0.22635,0.26751,0.34112,0.1532,S4
0.55109,0.2956,0.33624,0.28689,0.29667,1.1496,0.23941,0.87602,0.30469,0.26735,0.17324,0.21725,0.36189,0.24609,0.42919,0.43872,0.52975,0.31439,0.23711,0.21378,0.16677,0.45638,0.42778,0.4159,0.28488,0.83625,0.86329,0.47772,0.21009,0.25704,0.15001,0.34756,0.25086,0.32487,0.16389,0.21698,0.29209,0.23316,0.25443,0.31343,0.15739,1.1414,0.88496,0.17983,0.42061,0.22427,0.53326,0.23236,0.44282,0.28029,0.13623,0.24556,0.33086,0.32575,0.15342,S4
0.48133,0.29954,0.38726,0.26512,0.24097,1.0501,0.21149,0.91763,0.23878,0.24722,0.21154,0.20052,0.30265,0.22975,0.39885,0.4193,0.50488,0.3199,0.21199,0.20398,0.17454,0.48437,0.255,0.39657,0.24361,0.97538,0.70418,0.4422,0.2081,0.21332,0.19384,0.39839,0.21934,0.3425,0.16893,0.19867,0.22648,0.21957,0.27729,0.29891,0.20614,1.2186,0.94351,0.22794,0.42754,0.23883,0.37516,0.23854,0.42788,0.31227,0.1752,0.19491,0.26986,0.30593,0.15967,S4
0.53444,0.28084,0.36305,0.24563,0.21816,0.98033,0.1953,1.3031,0.2398,0.26088,0.18755,0.23285,0.3225,0.20162,0.35603,0.48048,0.46627,0.31318,0.18557,0.24519,0.17444,0.49748,0.27425,0.42758,0.30497,1.0782,0.61144,0.52952,0.19216,0.25905,0.17063,0.34903,0.22397,0.31928,0.19336,0.19834,0.22282,0.21044,0.45278,0.34991,0.25545,1.0468,0.86934,0.19187,0.40828,0.21524,0.45348,0.18541,0.42228,0.27878,0.14337,0.19857,0.27166,0.31828,0.18102,S4
0.54436,0.32836,0.32061,0.21949,0.23531,1.1161,0.18311,0.70962,0.21538,0.255,0.17713,0.1623,0.35079,0.2289,0.3425,0.41344,0.46029,0.36497,0.268,0.23466,0.1958,0.52559,0.28546,0.40815,0.3332,0.9241,0.68008,0.47133,0.15937,0.30674,0.15844,0.30634,0.2231,0.29497,0.14565,0.24289,0.22817,0.25164,0.36823,0.26968,0.21202,1.1148,0.91732,0.17624,0.42971,0.2861,0.40955,0.21652,0.41451,0.35904,0.16449,0.20333,0.35384,0.28329,0.16953,S4
0.47955,0.3176,0.38996,0.28681,0.28208,1.2092,0.22392,0.60228,0.27848,0.25677,0.1829,0.1834,0.28619,0.30782,0.40573,0.41525,0.52101,0.37427,0.20597,0.22403,0.21221,0.50644,0.31472,0.35814,0.28097,0.91552,0.72739,0.38534,0.21307,0.24696,0.17164,0.37516,0.23093,0.35397,0.16772,0.2849,0.25969,0.25928,0.38001,0.37677,0.19246,1.171,1.0535,0.17113,0.45268,0.24116,0.65517,0.22154,0.42616,0.31753,0.14984,0.22815,0.3572,0.29561,0.18301,S4
0.57491,0.36613,0.40029,0.25215,0.2465,1.1826,0.21314,0.64088,0.22873,0.27673,0.24621,0.19419,0.33184,0.21929,0.37835,0.49266,0.43711,0.41947,0.21442,0.222,0.22403,0.49611,0.30898,0.37491,0.26692,0.87709,0.68573,0.4703,0.18412,0.25798,0.17564,0.35781,0.24662,0.2984,0.1548,0.2282,0.25611,0.2401,0.35882,0.29992,0.19279,1.1793,1.0098,0.22757,0.37313,0.16917,0.55701,0.17936,0.39583,0.22387,0.14642,0.25109,0.4222,0.31279,0.16275,S4
0.56941,0.41679,0.379,0.33042,0.25238,1.1014,0.23405,0.74855,0.30454,0.27941,0.27169,0.23262,0.35676,0.30216,0.34239,0.46107,0.46713,0.3301,0.30978,0.24089,0.24572,0.47639,0.3913,0.44008,0.29264,1.011,0.76748,0.47536,0.25606,0.23182,0.19308,0.42713,0.29704,0.32185,0.164,0.27392,0.23622,0.24012,0.40154,0.40498,0.27663,1.2552,0.83413,0.2406,0.36955,0.224,0.51275,0.25044,0.40143,0.30229,0.15677,0.24307,0.34043,0.30936,0.16599,S4
4.6213,1.2138,3.798,2.9082,0.92336,6.5576,1.6698,13.1,2.8156,3.6929,0.82247,0.90969,1.2709,0.95226,0.9615,3.7965,1.478,1.6941,2.0811,1.3444,1.0753,3.2287,2.5913,2.7471,1.0144,4.7488,2.8063,1.4248,2.1125,2.9264,0.61036,4.5337,1.9138,1.48,1.0695,2.1133,2.2672,2.4133,1.0356,1.4013,2.1978,7.3159,3.3457,0.77433,7.6842,1.2865,4.1113,1.5217,3.235,1.088,0.99676,1.3147,1.7192,3.1711,1.0715,S5
4.5869,1.4791,3.4814,3.2136,1.0469,5.8939,1.7244,6.9616,3.4171,3.2436,0.73324,0.94989,1.3991,1.1303,0.94953,3.7553,1.8125,2.0237,1.8043,1.276,0.99326,3.4828,2.9231,1.9191,1.2942,4.8225,2.4723,1.4349,2.2314,3.605,0.61748,4.1102,1.9964,1.667,1.0451,2.1527,2.0482,2.2817,1.7671,1.0591,1.8087,7.602,3.5345,0.93767,7.6384,1.2012,4.0904,1.7161,3.3853,1.0557,1.131,1.2541,2.0219,2.9747,1.2109,S5
4.9758,1.3126,3.6502,3.0529,0.88543,6.4504,1.9453,9.6109,3.0034,2.8992,0.6906,0.79493,1.1914,1.0179,0.79514,3.7504,1.5106,1.6897,1.8255,1.4939,0.91696,3.9076,2.8633,1.8868,1.2346,5.1716,2.7991,1.5641,2.3824,3.2357,0.61254,4.2402,2.2324,1.3348,0.90369,2.2972,2.5471,2.2145,1.5733,1.115,2.0292,7.318,3.6884,0.83902,9.5546,1.1804,4.2253,1.5744,3.0703,1.0622,1.1041,1.153,1.6431,2.5394,1.069,S5
4.8013,1.4704,3.8882,3.6223,0.94048,6.3558,1.8234,17.532,3.4323,2.9008,0.66415,0.87847,1.4352,0.99309,1.0121,3.7493,2.0671,1.7761,2.4525,1.9734,1.0252,3.4064,3.0635,2.2076,1.3365,5.039,2.6271,1.7622,2.2502,3.598,0.65207,4.8577,2.4098,1.2771,1.0113,2.6881,2.4291,2.4517,3.8124,1.8387,2.1056,6.8382,4.1743,0.74256,7.1218,1.1697,6.9875,1.6415,2.8704,1.3925,1.0813,1.1685,1.6704,2.9409,1.0415,S5
5.873,1.5993,4.7947,4.3115,1.161,7.155,2.366,3.8508,3.8376,4.1934,0.94021,1.2579,1.4141,1.5641,1.2241,4.4587,2.2857,2.7052,2.9911,1.8374,1.4924,3.8201,4.3138,4.0652,1.4547,7.6633,3.4269,1.9629,3.069,2.9276,0.71896,5.7626,3.0875,2.2098,1.4078,2.6954,2.4569,3.3853,2.2963,1.54,2.9943,8.1045,6.1573,0.99533,6.5722,1.3824,7.5334,1.949,3.5788,1.1957,1.308,1.4897,2.6613,3.7706,1.4342,S5
5.7981,1.3103,6.2885,3.8113,1.1253,7.9982,1.9494,4.945,4.5547,3.2857,0.90508,1.1607,1.5575,1.1748,1.129,5.3167,2.0211,1.9699,3.0362,1.8861,1.324,3.8972,4.4697,3.749,1.4016,7.2492,3.0114,1.8289,2.6921,3.7211,0.65611,5.4642,2.983,1.428,1.1855,3.0924,2.1438,3.4383,0.68471,1.7122,2.755,7.9864,5.6963,1.198,7.4146,1.532,3.5658,2.2234,3.3105,1.3537,1.3632,1.516,1.955,3.9583,1.3349,S5
6.2352,1.6576,4.7468,4.5753,1.077,7.6551,2.2204,7.0841,3.968,4.6413,0.92539,1.0168,1.4279,1.4022,1.1935,5.6137,2.1128,2.423,3.0923,1.6813,1.3634,3.6953,4.2013,4.2585,1.5122,8.5806,3.0066,1.8858,2.5646,3.4928,0.76195,6.2005,2.9217,1.4484,1.0616,3.8215,2.1876,3.8077,3.2179,1.7926,2.8806,7.8802,6.2038,1.1211,5.9974,1.6703,4.0969,2.6457,3.3008,1.1712,1.3218,1.5726,2.4699,3.7182,1.4731,S5
5.8154,1.6611,5.5808,4.3799,1.0003,8.2679,2.2319,2.342,4.2614,3.4747,1.0408,1.2739,1.819,1.2052,1.1543,4.5793,2.1834,2.2535,3.1399,1.521,1.214,3.6894,4.6083,3.7122,1.4053,8.7541,3.0954,1.9496,3.3254,2.8285,0.75943,5.5576,2.6688,1.6345,1.1122,2.9633,2.3553,3.2496,0.89609,2.0443,2.5857,8.3766,6.6853,1.3831,7.5003,1.3593,6.5744,2.4942,3.2496,1.4981,1.1318,1.3448,2.1993,3.4613,1.3355,S5
6.4015,1.7418,5.6744,3.8625,1.099,6.98,2.2384,5.4585,3.5153,4.6612,0.88613,0.98575,1.5054,1.1914,1.3912,5.3082,2.0741,2.0339,2.9296,1.9273,1.2311,4.5697,3.7596,3.3366,1.5497,6.4221,3.6582,2.1328,3.1796,3.524,0.75978,7.3999,2.5509,1.7642,1.1573,2.7643,2.8096,2.4071,0.83586,1.4264,3.2682,10.939,6.0168,1.1407,8.3915,1.524,5.3397,2.0318,3.7297,1.3213,1.1253,1.3765,2.005,3.5941,1.1177,S5
6.1865,1.5304,6.6489,4.4895,1.1476,7.6639,2.3522,5.1948,4.4854,3.6013,1.0156,1.4377,1.4719,1.2221,1.1946,5.037,1.9842,2.4133,3.2528,1.7535,1.8773,4.5215,4.1415,3.0501,1.4833,9.1033,3.0532,2.1125,3.4559,3.4987,0.80991,7.7354,3.6134,1.7171,1.4914,3.596,3.4355,2.9816,3.5543,1.4664,3.5546,9.835,5.0861,1.2766,7.8468,1.9229,5.1232,3.2368,4.1011,1.3094,1.1775,2.2404,1.9885,3.7794,1.2428,S5
5.939,1.6001,5.0206,3.8691,1.2265,8.0149,2.6064,5.8625,3.7951,4.3637,0.9106,1.4483,1.6826,1.1749,1.2713,4.7129,2.0039,2.3877,3.6826,2.0227,1.4106,4.3504,4.1036,3.6773,1.5101,6.1437,3.0594,2.268,2.379,3.3716,0.75447,6.6508,3.0881,1.5412,1.1198,3.4858,3.3842,3.0628,1.2755,1.5513,2.9274,8.4189,4.7524,1.0739,7.8334,1.9861,4.8664,2.12,4.0571,1.4327,1.373,1.5579,1.906,3.617,1.4268,S5
5.8543,1.6958,4.9165,4.4462,1.0632,7.9447,2.3449,2.6014,4.164,4.3629,0.79806,0.95773,1.5493,1.2607,1.2517,5.0885,1.8936,2.1927,2.8342,1.7327,1.1235,3.869,3.9297,4.0053,1.3796,6.0616,3.2637,1.6462,3.1398,3.6028,0.75917,6.5549,3.1297,1.4309,1.2868,2.8685,2.9725,2.5256,1.599,1.7862,2.8365,8.893,5.1221,1.0638,8.4171,1.3518,4.5102,1.9707,3.8597,1.2103,1.2347,1.4151,1.9805,3.3418,1.1515,S5
8.3921,1.4947,3.809,3.1311,1.0238,6.8378,2.8373,5.0251,2.8661,4.1503,0.76326,0.80979,1.4391,0.93776,0.98153,5.6016,2.2847,1.961,2.4876,1.427,1.005,3.7855,2.5109,4.07,1.4355,7.4969,2.8464,1.7595,1.9444,6.3336,0.57151,4.7541,2.6573,1.2155,1.2389,2.2211,3.3326,2.3179,2.6213,1.4412,2.2783,7.7951,5.0118,0.79237,8.4558,1.3324,6.1388,1.7154,5.0238,1.2685,1.0756,1.4504,1.8431,3.8187,1.3306,S5
8.1573,1.3355,3.3163,2.6068,0.99541,8.9786,3.0143,8.3719,2.7242,3.4836,0.82973,1.0184,1.2598,0.8396,0.97079,5.8414,1.9136,1.8408,2.6321,1.5692,1.0972,3.8127,2.6543,4.3994,1.2253,5.4952,2.695,2.0147,2.3021,4.9306,0.72952,4.1229,2.7884,1.6067,1.1121,2.9472,3.5684,2.5335,3.712,1.3258,3.0987,9.2386,4.5904,0.82545,6.5402,1.3305,4.0723,2.1246,4.3283,1.1392,1.1332,1.3946,2.2414,3.709,1.0666,S5
7.399,1.5702,3.6422,2.3325,0.90853,8.0229,2.9345,8.9599,2.5745,4.2773,0.89209,1.1988,1.3709,1.0263,1.1767,6.2462,1.8621,1.8593,2.598,2.169,1.0487,4.4945,2.3809,4.9917,1.4795,7.2854,3.2456,1.6827,2.1811,5.2766,0.68758,4.3602,2.6543,1.3579,1.2407,2.3616,3.6216,2.2494,3.9692,1.4618,2.513,8.9206,4.8266,0.91783,7.844,1.2855,5.4135,1.7384,4.8936,1.1066,1.1127,1.2554,1.9173,3.845,1.2211,S5
7.2936,1.285,3.2047,2.5661,0.9408,8.2805,3.2508,10.807,2.5451,3.6294,0.78892,0.83944,1.4656,1.0726,1.2186,6.1312,2.1663,1.6379,2.5573,1.865,0.99865,4.3858,2.9922,3.75,1.3846,6.189,3.0133,1.7613,2.0475,5.1992,0.64485,4.4513,2.5939,1.3789,1.1044,2.4469,3.0845,2.6589,6.8572,1.6971,1.9039,8.0545,4.6872,0.8372,8.287,1.6166,4.1736,1.5408,4.4046,1.3082,1.0686,1.4758,1.6912,4.2022,1.2753,S5
8.6878,1.3804,3.7031,3.3484,1.0767,8.6111,3.4133,8.5818,3.6201,3.993,0.86294,0.91099,1.6144,1.058,1.237,6.883,1.9978,2.0686,2.8747,1.5044,1.1774,3.4403,3.4281,4.6968,1.3458,6.3194,2.6495,1.9212,2.4835,4.7681,0.69849,4.3905,2.8775,1.3718,1.1794,2.6669,3.119,2.7121,0.95918,1.3797,2.1658,10.393,4.9345,0.97584,6.9418,1.7557,4.2844,2.0705,4.0212,1.4923,1.1621,1.5463,2.1623,3.5792,1.3494,S5
6.3195,1.4729,3.5641,3.6004,1.0228,8.9387,3.542,10.184,3.2857,3.8361,1.0211,1.0095,1.6073,1.0358,1.2185,5.7765,1.9468,1.9134,3.2647,2.2449,1.2868,4.0383,2.9194,4.408,1.2357,5.7797,2.952,1.637,2.6546,4.8517,0.82453,4.8167,2.9431,2.4039,1.075,3.0375,3.5504,2.9744,6.6677,1.3323,2.5794,9.0978,5.34,1.3688,8.3362,1.7551,4.032,2.2702,4.4124,1.3496,1.1429,1.5675,2.1953,3.8514,1.2852,S5
6.56,1.4922,3.2736,2.9803,0.9908,7.8167,3.2107,8.6042,2.944,4.3358,0.98323,1.0418,1.4628,0.95136,0.94966,6.1678,2.8091,2.3127,2.9817,1.9275,1.1883,4.0536,3.7916,4.8551,1.3185,8.088,2.911,2.0647,2.6863,5.9997,0.69975,4.5771,2.9396,1.8023,1.2466,3.3082,3.681,3.0867,3.0029,1.8809,2.9633,9.2837,5.276,1.2423,6.5999,1.8577,4.4351,2.7499,4.5494,1.1893,1.0068,1.7788,2.2499,3.7465,1.3517,S5
7.5001,1.3987,3.5803,3.0994,0.85551,7.7255,2.9966,8.776,2.5857,4.4481,0.94082,0.95586,1.81,0.89659,0.95773,6.1253,1.961,1.9189,2.7232,1.4705,1.0848,4.2866,2.3969,4.1041,1.1892,5.4324,2.8154,1.6291,3.1234,4.6814,0.66648,4.1377,2.5723,1.4237,1.0893,3.0172,3.2915,2.7797,0.92528,1.4153,2.0976,8.4163,4.8148,1.1976,7.9772,1.7018,8.1283,1.8184,4.5103,1.0836,0.91119,1.4583,1.8183,3.9111,1.3006,S5
1.2201,0.1458,0.95446,0.17514,0.14739,1.4621,0.44708,1.5334,0.17748,0.50823,0.10079,0.12563,0.15461,0.13697,0.16356,0.75954,0.44606,0.16119,0.17516,0.21486,0.14728,0.85487,0.21605,0.59349,0.13294,1.673,0.65304,0.36729,0.1612,0.60303,0.087012,1.0061,0.18292,0.32337,0.1733,0.1698,0.4337,0.19164,0.64948,0.289,0.1437,2.2357,1.1858,0.11939,1.4339,0.15006,0.60223,0.15755,0.59793,0.17478,0.16154,0.16271,0.18504,0.75608,0.15228,S6
1.191,0.14809,0.90523,0.19485,0.13552,1.3732,0.44925,1.9303,0.17994,0.47023,0.096223,0.12784,0.15151,0.15097,0.1936,0.94858,0.38922,0.15158,0.20031,0.24374,0.14461,0.85828,0.23048,0.92214,0.15445,1.6947,0.73643,0.35377,0.16705,0.56556,0.082645,0.96552,0.17653,0.30019,0.16832,0.17528,0.39462,0.18748,0.6626,0.25719,0.20136,1.8458,1.0947,0.12365,0.99621,0.15137,0.74359,0.15728,0.69016,0.17303,0.16037,0.16801,0.14276,0.73021,0.17203,S6
1.1635,0.14671,0.93959,0.17444,0.12569,1.3818,0.56546,1.2872,0.17022,0.56283,0.10603,0.11582,0.14682,0.13979,0.17579,0.89798,0.40589,0.1605,0.20508,0.23747,0.14142,0.79646,0.21948,0.52701,0.15101,1.732,0.65615,0.29549,0.1605,0.64179,0.086023,1.0405,0.1907,0.27917,0.16367,0.18165,0.51634,0.18174,0.32394,0.26651,0.16441,1.8767,1.096,0.11404,1.027,0.15134,0.80092,0.1473,0.73595,0.21622,0.18165,0.15642,0.17897,0.77407,0.15202,S6
1.3887,0.14248,0.82278,0.20392,0.1851,1.4926,0.43525,1.2762,0.18648,0.4986,0.10605,0.11794,0.1679,0.1465,0.15649,0.76121,0.46273,0.15923,0.20108,0.24214,0.13357,0.84812,0.20946,0.64508,0.14783,1.4592,0.61513,0.34737,0.18157,0.58181,0.073352,0.91775,0.22845,0.36908,0.20979,0.2261,0.46549,0.2022,0.40578,0.41719,0.156,1.9962,1.1679,0.12952,0.97357,0.14986,0.85333,0.18026,0.64958,0.22817,0.17519,0.15702,0.15905,0.71461,0.14481,S6
1.3611,0.15916,1.112,0.18216,0.13942,1.5842,0.45462,1.2857,0.17516,0.51004,0.10355,0.15614,0.15199,0.15069,0.17894,0.8301,0.37393,0.16078,0.18366,0.25239,0.13376,0.78658,0.20307,0.73054,0.14281,1.9392,0.69376,0.31991,0.14355,0.63446,0.099848,1.1593,0.21336,0.28934,0.14514,0.20279,0.43974,0.15251,0.51005,0.28727,0.16538,2.1325,1.3618,0.12068,0.97163,0.12835,0.97686,0.16722,0.54324,0.19446,0.14405,0.16603,0.17286,0.70792,0.14687,S6
1.4539,0.15429,1.1179,0.18186,0.13732,1.4464,0.62488,1.1942,0.19001,0.45944,0.11083,0.14655,0.1618,0.15387,0.15913,0.84589,0.36875,0.14297,0.19335,0.2295,0.14131,0.86376,0.21057,0.68102,0.14739,1.8637,0.65659,0.37438,0.13987,0.72296,0.088169,1.1388,0.18557,0.27616,0.12917,0.18069,0.51725,0.19708,0.45683,0.28461,0.1445,1.9607,1.2483,0.12365,0.80992,0.14201,0.77389,0.14519,0.58127,0.17471,0.15075,0.13692,0.16452,1.0104,0.13781,S6
1.0666,0.14809,1.025,0.18726,0.15098,1.2258,0.52021,1.2155,0.17957,0.37654,0.10609,0.13081,0.14996,0.13046,0.18037,0.8401,0.33927,0.16685,0.18136,0.26821,0.14004,0.8977,0.22933,0.744,0.15652,1.6993,0.58532,0.28097,0.15605,0.50641,0.086512,1.2038,0.1965,0.32705,0.14618,0.163,0.3997,0.15601,0.25117,0.28465,0.13235,1.9315,1.3877,0.1273,0.82633,0.13919,0.88059,0.14696,0.57963,0.18073,0.15386,0.14058,0.19143,0.9612,0.14834,S6
1.3581,0.14056,0.90269,0.17284,0.13527,1.7342,0.4789,2.3384,0.181,0.58847,0.11039,0.14015,0.1514,0.15014,0.15269,0.74452,0.43034,0.16128,0.19081,0.28405,0.14106,0.95038,0.20606,0.75948,0.14415,1.862,0.65086,0.45917,0.15259,0.76866,0.076818,1.2456,0.18528,0.28653,0.1491,0.16316,0.38764,0.20374,0.90604,0.28011,0.14443,1.9787,1.3608,0.10637,0.85279,0.13536,0.91884,0.13974,0.58823,0.20087,0.14007,0.1494,0.17312,1.2741,0.15745,S6
1.0092,0.1882,1.0175,0.16153,0.17839,1.2775,0.48736,1.3949,0.19415,0.53343,0.085041,0.098082,0.20612,0.16142,0.21262,0.86042,0.50322,0.18889,0.21004,0.24568,0.13352,0.91382,0.21425,0.62205,0.20864,1.4699,0.53494,0.41538,0.15438,0.43141,0.07149,0.97926,0.18006,0.32513,0.21811,0.1833,0.40451,0.18402,0.54204,0.3794,0.14618,1.6108,1.2127,0.10293,0.76143,0.13009,0.79389,0.16128,0.54522,0.23475,0.22446,0.15969,0.1825,0.70825,0.19225,S6
1.291,0.21152,1.1344,0.18704,0.21468,1.4358,0.61328,1.238,0.18563,0.5078,0.089156,0.098619,0.19331,0.18421,0.20366,0.79636,0.36466,0.18753,0.19448,0.20973,0.12332,0.87197,0.23545,0.8413,0.19188,1.1127,0.5471,0.3975,0.18027,0.48796,0.077822,0.93255,0.17691,0.34067,0.2284,0.1832,0.50752,0.1819,0.37283,0.34642,0.1525,1.4109,1.241,0.094997,0.70395,0.13169,0.64794,0.1399,0.542,0.23257,0.20838,0.16378,0.20362,0.72657,0.19458,S6
1.0113,0.20617,0.88408,0.20002,0.19999,1.5407,0.52185,2.069,0.19351,0.61066,0.084263,0.098967,0.20184,0.16045,0.19675,1.138,0.36692,0.17231,0.1748,0.29493,0.12523,1.0386,0.17469,0.92903,0.1763,1.5557,0.59489,0.35457,0.16136,0.47284,0.069378,1.0472,0.19301,0.429,0.26005,0.18645,0.48382,0.17656,0.4486,0.36456,0.16228,1.7488,1.4908,0.099922,0.74092,0.13876,1.1067,0.13478,0.64614,0.21564,0.18484,0.14284,0.18451,0.67117,0.18746,S6
1.1157,0.2063,1.0598,0.20709,0.19841,1.8651,0.50798,2.2664,0.18332,0.43888,0.093056,0.11198,0.20549,0.16767,0.19684,0.86383,0.44302,0.18956,0.18848,0.28952,0.13443,0.85796,0.21427,0.88175,0.19843,1.7493,0.63769,0.40368,0.15878,0.48818,0.070174,0.99528,0.22511,0.37341,0.23728,0.22399,0.53778,0.19776,0.59021,0.44041,0.14155,1.7677,1.2937,0.094761,0.7464,0.14304,0.67253,0.15929,0.5567,0.28048,0.20039,0.15365,0.18692,0.76302,0.22169,S6
1.235,0.24647,1.1069,0.2143,0.20583,1.8139,0.54134,1.8211,0.24554,0.54346,0.0944,0.098164,0.23504,0.19198,0.19181,1.0794,0.36442,0.24136,0.21301,0.21549,0.12904,1.0416,0.27751,0.77684,0.23548,1.402,0.61072,0.42258,0.14759,0.46017,0.071523,1.1963,0.19349,0.32214,0.25908,0.17905,0.63137,0.20394,0.53359,0.33837,0.2561,1.5513,1.4642,0.10339,0.90839,0.13589,0.88491,0.16375,0.55313,0.27018,0.2287,0.1391,0.25396,0.74891,0.21775,S6
0.95624,0.20214,1.0178,0.18627,0.16941,1.7509,0.62673,1.6799,0.21459,0.51027,0.087435,0.11377,0.20773,0.14702,0.22276,1.0682,0.35394,0.17894,0.18589,0.21649,0.12387,0.93844,0.21091,0.77067,0.19746,1.2998,0.58746,0.34301,0.15533,0.42078,0.078746,1.0642,0.17686,0.31184,0.21949,0.17667,0.57818,0.20216,0.58319,0.34984,0.14875,1.5489,1.3414,0.095096,0.62781,0.14471,0.68085,0.13299,0.62478,0.23782,0.24868,0.15262,0.18367,0.61109,0.19823,S6
1.0467,0.26045,1.3267,0.33914,0.26288,1.8504,0.61851,1.1693,0.52661,0.6949,0.1085,0.11592,0.35719,0.21565,0.19972,1.043,0.39396,0.4216,0.25386,0.24614,0.13309,1.0207,0.37724,0.99567,0.28488,1.3057,0.62816,0.44208,0.23655,0.45286,0.086443,1.1051,0.3993,0.33625,0.28314,0.33279,0.54737,0.39986,0.54632,0.38472,0.19661,1.554,1.3632,0.11784,0.74121,0.14186,0.71875,0.18457,0.57415,0.2424,0.30612,0.16643,0.40715,0.7475,0.19719,S6
1.0596,0.21227,1.0227,0.22197,0.17614,1.6847,0.57393,1.4512,0.22859,0.57038,0.085518,0.10268,0.23382,0.20474,0.21609,0.9429,0.37901,0.21589,0.20779,0.25277,0.1483,0.83883,0.23983,0.78405,0.2151,1.2938,0.57936,0.42158,0.14461,0.42288,0.069712,0.99937,0.20954,0.32201,0.25974,0.21227,0.46894,0.19125,0.54001,0.3766,0.16333,1.7168,1.3337,0.095425,0.70712,0.15038,0.68947,0.14051,0.60213,0.22669,0.20732,0.14041,0.2319,0.81018,0.20327,S6
0.88242,0.24118,1.186,0.22763,0.19446,2.0477,0.62055,1.8444,0.21551,0.62055,0.097203,0.096747,0.23408,0.18393,0.2279,1.1209,0.39907,0.20668,0.26637,0.28162,0.13095,0.94045,0.26181,0.92599,0.23767,1.5909,0.66713,0.41603,0.16592,0.48138,0.080985,1.1999,0.21125,0.36508,0.22599,0.23014,0.69005,0.20719,0.7808,0.32618,0.16408,1.698,1.488,0.095912,0.88927,0.15751,0.91718,0.1544,0.68618,0.24112,0.22017,0.16331,0.21849,0.72211,0.21023,S6
1.038,0.21855,1.0265,0.22384,0.19912,2.0856,0.49276,1.365,0.21748,0.60743,0.087766,0.13056,0.21923,0.20388,0.18244,1.4454,0.44747,0.22767,0.24936,0.25649,0.15142,0.85657,0.2648,1.0007,0.20376,1.6121,0.75516,0.35241,0.18674,0.54967,0.069516,1.1026,0.2279,0.35849,0.24417,0.21659,0.45147,0.20627,0.62102,0.38568,0.19742,1.5748,1.3012,0.086211,0.7357,0.1383,0.89486,0.15736,0.60737,0.21698,0.22429,0.17128,0.20367,0.70608,0.21885,S6
1.0399,0.19916,1.112,0.2353,0.17267,1.974,0.58551,1.6071,0.21463,0.60074,0.077363,0.096521,0.2241,0.17724,0.2333,1.3899,0.34949,0.22041,0.20505,0.25928,0.15105,1.0132,0.26795,0.81788,0.18535,1.3885,0.77956,0.42052,0.16663,0.49737,0.07759,1.0083,0.21751,0.4154,0.26104,0.21918,0.57524,0.19696,0.51503,0.33692,0.16292,1.712,1.2434,0.092066,0.83106,0.14852,1.1333,0.15363,0.61858,0.25704,0.22005,0.15231,0.22308,0.66371,0.18733,S6
1.1266,0.21375,0.91458,0.24864,0.21244,1.7239,0.66821,2.9481,0.23888,0.53698,0.075305,0.092176,0.20403,0.17682,0.19843,1.1823,0.35038,0.22303,0.21405,0.26343,0.13228,0.96067,0.27474,0.93329,0.22062,1.7575,0.71085,0.38647,0.15854,0.58922,0.073711,0.97271,0.26605,0.36396,0.24361,0.21434,0.69649,0.22838,1.084,0.44821,0.16827,1.6942,1.2081,0.091526,0.94126,0.15671,0.8259,0.14227,0.63483,0.24092,0.21573,0.14734,0.23285,0.749,0.2112,S6
